{"cameraMode":{"drawMode":0,"name":"Shaded","section":"Shading Mode"},"sceneLighting":true,"audioPlay":false,"sceneViewState":{"m_AlwaysRefresh":false,"showFog":true,"showSkybox":true,"showFlares":true,"showImageEffects":true,"showParticleSystems":true,"showVisualEffectGraphs":true,"m_FxEnabled":true},"in2DMode":false,"pivot":{"x":-88.26766204833985,"y":-2.251760482788086,"z":-1.6577296257019044},"rotation":{"x":0.058108411729335788,"y":-0.9139329791069031,"z":0.14123134315013886,"w":0.3761860430240631},"size":3.4273359775543215,"orthographic":true}